{"cameraMode":{"drawMode":0,"name":"Shaded","section":"Shading Mode"},"sceneLighting":false,"audioPlay":false,"sceneViewState":{"showFog":true,"showMaterialUpdate":false,"showSkybox":false,"showFlares":true,"showImageEffects":true,"showParticleSystems":true},"in2DMode":false,"pivot":{"x":-15.544090270996094,"y":11.468118667602539,"z":-28.339698791503908},"rotation":{"x":0.1612536907196045,"y":0.483582466840744,"z":-0.09115298837423325,"w":0.8554775714874268},"size":1.2247449159622193,"orthographic":false}