{"cameraMode":{"drawMode":0,"name":"Shaded","section":"Shading Mode"},"sceneLighting":true,"audioPlay":false,"sceneViewState":{"showFog":true,"showMaterialUpdate":false,"showSkybox":true,"showFlares":true,"showImageEffects":true,"showParticleSystems":true},"in2DMode":false,"pivot":{"x":-9.98244571685791,"y":6.50602912902832,"z":-7.866656303405762},"rotation":{"x":0.1460862159729004,"y":0.34131544828414919,"z":-0.05379117280244827,"w":0.9269778728485107},"size":1.1660254001617432,"orthographic":false}